datetime,low,high,open,close,volume,change
2017-12-19 16:00:00,0.04517,0.0497,0.04633,0.0486,63857.54484354,4.899633067127119
2017-12-20 16:00:00,0.04763,0.0513,0.0486,0.05048,42068.60547641,3.868312757201646
2017-12-21 16:00:00,0.04444,0.05188,0.05048,0.04768,109365.80783099,-5.546751188589535
2017-12-22 16:00:00,0.04753,0.0489,0.04768,0.04841,29933.53107033,1.531040268456379
2017-12-23 16:00:00,0.04778,0.04915,0.04842,0.04879,28182.85906047,0.7641470466749324
2017-12-24 16:00:00,0.04879,0.05272,0.04879,0.05222,27370.59376618,7.030129124820665
2017-12-25 16:00:00,0.04624,0.0534,0.05222,0.04786,31816.91362687,-8.349291459211035
2017-12-26 16:00:00,0.04622,0.04888,0.04786,0.04804,23136.97526344,0.37609694943585376
2017-12-27 16:00:00,0.04769,0.0505,0.04803,0.04991,27481.17367155,3.9142202789922953
2017-12-28 16:00:00,0.049,0.05174,0.04991,0.05114,21959.56859133,2.4644359847725803
2017-12-29 16:00:00,0.05022,0.0556,0.05114,0.05523,33082.13703919,7.997653500195548
2017-12-30 16:00:00,0.0525,0.0555,0.05523,0.05343,23014.40461649,-3.259098316132542
2017-12-31 16:00:00,0.05326,0.05699,0.05345,0.05621,21825.4969083,5.163704396632377
2018-01-01 16:00:00,0.0535,0.0745,0.05621,0.05839,80841.11317004,3.8783134673545527
2018-01-02 16:00:00,0.05653,0.06377,0.0584,0.06187,34622.63665133,5.94178082191781
2018-01-03 16:00:00,0.0599,0.06839,0.06188,0.06245,44368.02330242,0.9211376858435699
2018-01-04 16:00:00,0.05506,0.06803,0.06245,0.05699,60531.85305766,-8.742994395516412
2018-01-05 16:00:00,0.0562,0.06155,0.057,0.05876,25818.23096414,3.08771929824561
2018-01-06 16:00:00,0.05875,0.06885,0.05876,0.06874,34066.68065793,16.984343090537774
2018-01-07 16:00:00,0.06874,0.0786,0.06875,0.07579,58521.19936325,10.239999999999986
2018-01-08 16:00:00,0.07578,0.091,0.07578,0.08892,45813.01925184,17.339667458432302
2018-01-09 16:00:00,0.08251,0.097,0.08892,0.08365,58183.16598524,-5.926675663517765
2018-01-10 16:00:00,0.08365,0.09145,0.08365,0.08572,32189.01980285,2.474596533173942
2018-01-11 16:00:00,0.0846,0.09269,0.08572,0.09132,15213.59538049,6.532897806812872
2018-01-12 16:00:00,0.08943,0.09989,0.09132,0.09756,21223.00828024,6.833114323258865
2018-01-13 16:00:00,0.09531,0.0997,0.09757,0.09967,15287.16548064,2.152300912165615
2018-01-14 16:00:00,0.09111,0.10089,0.09967,0.09415,16972.85094749,-5.5382763118290335
2018-01-15 16:00:00,0.085,0.09585,0.09415,0.09207,49009.76065772,-2.2092405735528398
2018-01-16 16:00:00,0.08282,0.0948,0.09251,0.0915,54756.04823198,-1.0917738622851552
2018-01-17 16:00:00,0.0883,0.092,0.09156,0.09052,19930.21283262,-1.1358671909130618
2018-01-18 16:00:00,0.08987,0.09165,0.09051,0.09013,10292.82848113,-0.4198431112584151
2018-01-19 16:00:00,0.08809,0.091,0.09012,0.09027,10321.23428093,0.16644474034620213
2018-01-20 16:00:00,0.08956,0.09248,0.09027,0.09104,9145.57302462,0.8529965658579738
2018-01-21 16:00:00,0.09075,0.09299,0.09104,0.09244,11862.97352815,1.5377855887521952
2018-01-22 16:00:00,0.08904,0.0925,0.09244,0.09087,13127.03356836,-1.6983989614885204
2018-01-23 16:00:00,0.09036,0.09401,0.09087,0.09305,10136.17557417,2.399031583580926
2018-01-24 16:00:00,0.09299,0.095,0.09309,0.09381,13545.41429688,0.7734450531743456
2018-01-25 16:00:00,0.09201,0.09696,0.09381,0.09458,14222.07560575,0.8208080162029557
2018-01-26 16:00:00,0.09409,0.0976,0.09458,0.09713,10096.77820822,2.6961302600972687
2018-01-27 16:00:00,0.09674,0.1055,0.09713,0.10531,23017.13033691,8.421702872439006
2018-01-28 16:00:00,0.10303,0.1055,0.1053,0.10454,12992.90035193,-0.7217473884140652
2018-01-29 16:00:00,0.1028,0.10788,0.10454,0.1056,19885.12351705,1.0139659460493644
2018-01-30 16:00:00,0.10511,0.11069,0.10561,0.10934,16932.27656324,3.531862513019611
2018-01-31 16:00:00,0.1093,0.12285,0.10933,0.11324,42933.49522305,3.576328546602028
2018-02-01 16:00:00,0.097,0.11329,0.11323,0.10361,45713.19420821,-8.495981630309991
2018-02-02 16:00:00,0.1033,0.1075,0.10361,0.10547,11530.05037975,1.7951935141395623
2018-02-03 16:00:00,0.0994,0.10591,0.10548,0.10124,18741.55061091,-4.01971937808116
2018-02-04 16:00:00,0.09464,0.10321,0.10113,0.1007,31767.79224055,-0.4251952931869869
2018-02-05 16:00:00,0.09412,0.10249,0.10052,0.10209,39940.06006279,1.5618782331874275
2018-02-06 16:00:00,0.09862,0.10233,0.1021,0.09898,20137.28592975,-3.055827619980409
2018-02-07 16:00:00,0.096,0.10114,0.0992,0.09875,14931.43092258,-0.45362903225805656
2018-02-08 16:00:00,0.09874,0.1015,0.09874,0.10096,12131.10016766,2.248328944703261
2018-02-09 16:00:00,0.09943,0.10136,0.10099,0.0997,8288.09473661,-1.277354193484503
2018-02-10 16:00:00,0.09954,0.10085,0.09971,0.10046,4448.08190224,0.752181325844951
2018-02-11 16:00:00,0.09704,0.10046,0.10046,0.09736,7297.13641219,-3.0858052956400477
2018-02-12 16:00:00,0.097,0.09856,0.09736,0.09849,5592.22436958,1.1606409202958012
2018-02-13 16:00:00,0.09583,0.09869,0.0985,0.09732,18783.005738,-1.1979695431472086
2018-02-14 16:00:00,0.09145,0.09746,0.09732,0.09247,18072.22184613,-4.9835593916975
2018-02-15 16:00:00,0.09145,0.09429,0.09247,0.09216,7521.31384697,-0.33524386287443586
2018-02-16 16:00:00,0.0877,0.09289,0.09216,0.08789,10596.99505535,-4.633246527777788
2018-02-17 16:00:00,0.08603,0.08928,0.08789,0.08788,6867.75346507,-0.011377858686990696
2018-02-18 16:00:00,0.0838,0.08856,0.08787,0.08412,6050.77189854,-4.267668146124961
2018-02-19 16:00:00,0.07728,0.08413,0.08413,0.07876,15812.32473178,-6.382978723404255
2018-02-20 16:00:00,0.07782,0.0815,0.07877,0.08027,10652.99388355,1.9042782785324204
2018-02-21 16:00:00,0.07953,0.08199,0.08028,0.08184,7620.46317576,1.943198804185341
2018-02-22 16:00:00,0.0817,0.086,0.08191,0.08437,10489.59148008,3.0032963008179756
2018-02-23 16:00:00,0.0831,0.08643,0.08416,0.08601,5759.80821757,2.198193916349815
2018-02-24 16:00:00,0.08599,0.08874,0.08601,0.08776,4820.00493393,2.0346471340541816
2018-02-25 16:00:00,0.08356,0.0892,0.08776,0.084,6187.16705795,-4.284412032816772
2018-02-26 16:00:00,0.08165,0.08582,0.084,0.08232,5572.06221781,-2.000000000000001
2018-02-27 16:00:00,0.08011,0.083,0.08232,0.08244,4058.32066997,0.14577259475218066
2018-02-28 16:00:00,0.07904,0.08279,0.08245,0.07964,4317.43951025,-3.408126137052751
2018-03-01 16:00:00,0.0774,0.0797,0.07967,0.07762,4777.05455801,-2.5731140956445464
2018-03-02 16:00:00,0.0745,0.07763,0.07761,0.07451,5798.56392669,-3.994330627496446
2018-03-03 16:00:00,0.0745,0.07753,0.07458,0.07505,4091.07817057,0.630195762939142
2018-03-04 16:00:00,0.07328,0.07557,0.07512,0.07389,4196.94767432,-1.6373801916933024
2018-03-05 16:00:00,0.07389,0.07644,0.07389,0.07602,4046.07699251,2.8826634185952185
2018-03-06 16:00:00,0.0737,0.07685,0.07603,0.0758,8285.77881455,-0.30251216625015664
2018-03-07 16:00:00,0.07414,0.07707,0.0758,0.075,7402.0005285,-1.055408970976265
2018-03-08 16:00:00,0.07449,0.07873,0.07499,0.0786,13796.05983491,4.813975196692895
2018-03-09 16:00:00,0.0773,0.08,0.07859,0.07779,7529.24444816,-1.0179412138948916
2018-03-10 16:00:00,0.0747,0.07948,0.07779,0.07549,6028.54407245,-2.956678236277152
2018-03-11 17:00:00,0.07431,0.07701,0.07549,0.07642,7085.00658627,1.2319512518214335
2018-03-12 17:00:00,0.0748,0.07709,0.07642,0.07543,6829.30820611,-1.2954723894268578
2018-03-13 17:00:00,0.07341,0.07625,0.07542,0.07465,5870.93308218,-1.0209493503049678
2018-03-14 17:00:00,0.07308,0.07548,0.07465,0.07391,6003.93428022,-0.991292699263216
2018-03-15 17:00:00,0.07161,0.07457,0.07391,0.07247,3736.04417234,-1.9483155188743022
2018-03-16 17:00:00,0.06987,0.07343,0.07247,0.07,4754.48776645,-3.408306885607838
2018-03-17 17:00:00,0.06205,0.07001,0.07,0.06563,24182.50497067,-6.242857142857161
2018-03-18 17:00:00,0.06339,0.06667,0.06563,0.06454,10416.63161184,-1.6608258418406123
2018-03-19 17:00:00,0.062,0.06487,0.06456,0.06262,10116.15506992,-3.0049566294919625
2018-03-20 17:00:00,0.06208,0.06478,0.06261,0.06285,7221.6073735,0.38332534738860263
2018-03-21 17:00:00,0.06104,0.0635,0.06285,0.06189,4720.36747936,-1.5274463007159944
2018-03-22 17:00:00,0.0608,0.0621,0.06195,0.06098,8229.03097322,-1.565778853914445
2018-03-23 17:00:00,0.0602,0.06114,0.06095,0.06091,8526.73181495,-0.06562756357669955
2018-03-24 17:00:00,0.06071,0.06236,0.06099,0.06193,3836.15012807,1.5412362682406893
2018-03-25 17:00:00,0.05934,0.062,0.06193,0.05983,5483.45724934,-3.3909252381721258
2018-03-26 17:00:00,0.0566,0.06008,0.05984,0.05749,7514.02839094,-3.927139037433152
2018-03-27 17:00:00,0.0561,0.05783,0.05749,0.0561,4181.37225575,-2.41781179335537
2018-03-28 17:00:00,0.054,0.05641,0.0561,0.05424,10363.30530404,-3.315508021390375
2018-03-29 17:00:00,0.05423,0.05749,0.05424,0.05749,11450.00533029,5.991887905604725
2018-03-30 17:00:00,0.0564,0.05913,0.05749,0.05689,9292.90753011,-1.043659766915979
2018-03-31 17:00:00,0.05512,0.05695,0.05688,0.05542,5731.9399057,-2.566807313642762
2018-04-01 17:00:00,0.05434,0.0557,0.05542,0.05449,4548.12620076,-1.6780945507037177
2018-04-02 17:00:00,0.05388,0.05604,0.05448,0.05604,6421.5728028,2.8634361233480154
2018-04-03 17:00:00,0.05365,0.0562,0.05604,0.05574,6781.16947705,-0.5353319057815875
2018-04-04 17:00:00,0.05534,0.05636,0.05574,0.05621,3663.02344366,0.8432005740940172
2018-04-05 17:00:00,0.05542,0.05634,0.05622,0.05592,3825.03223669,-0.5336179295624363
2018-04-06 17:00:00,0.05512,0.05607,0.05591,0.05579,2414.97917908,-0.2146306564120945
2018-04-07 17:00:00,0.05554,0.05718,0.0558,0.05702,4738.86408545,2.18637992831541
2018-04-08 17:00:00,0.05702,0.06017,0.05702,0.05884,9007.79991718,3.19186250438443
2018-04-09 17:00:00,0.05851,0.0608,0.05882,0.06076,4298.55749767,3.2981978918735195
2018-04-10 17:00:00,0.0603,0.06219,0.06076,0.06201,10564.23347351,2.0572745227123126
2018-04-11 17:00:00,0.05857,0.06295,0.062,0.06235,18657.18178918,0.5645161290322631
2018-04-12 17:00:00,0.06185,0.06461,0.06235,0.06268,13435.4779431,0.5292702485966271
2018-04-13 17:00:00,0.06171,0.0635,0.06268,0.06277,4860.00330339,0.14358647096363553
2018-04-14 17:00:00,0.0624,0.06392,0.06278,0.0639,5698.51783916,1.7840076457470468
2018-04-15 17:00:00,0.06288,0.06395,0.06389,0.06344,6326.36118319,-0.7043355767725872
2018-04-16 17:00:00,0.06289,0.06403,0.06345,0.06368,5243.530912,0.362490149724183
2018-04-17 17:00:00,0.06315,0.06445,0.06368,0.06438,6262.6374754,1.0992462311557885
2018-04-18 17:00:00,0.06426,0.0689,0.06438,0.0686,9639.11856958,6.554830692761707
2018-04-19 17:00:00,0.0675,0.07115,0.06859,0.06965,14517.54698202,1.5454147834961443
2018-04-20 17:00:00,0.06666,0.06982,0.06967,0.06789,5965.43236939,-2.5549016793454715
2018-04-21 17:00:00,0.06708,0.07215,0.06789,0.07061,7231.25963918,4.006481072322876
2018-04-22 17:00:00,0.07049,0.0725,0.07061,0.07202,7113.97762101,1.9968842940093392
2018-04-23 17:00:00,0.07168,0.07565,0.07203,0.0728,14987.82730632,1.068999028182711
2018-04-24 17:00:00,0.0665,0.07299,0.0728,0.0696,30179.56202266,-4.395604395604407
2018-04-25 17:00:00,0.06889,0.07178,0.0696,0.07137,9593.02741128,2.543103448275873
2018-04-26 17:00:00,0.07074,0.0735,0.07131,0.072,9490.46306544,0.967606226335712
2018-04-27 17:00:00,0.07199,0.07383,0.07199,0.07307,7102.21242694,1.5002083622725346
2018-04-28 17:00:00,0.07236,0.07348,0.0731,0.0733,5636.02519044,0.2735978112175181
2018-04-29 17:00:00,0.07215,0.07491,0.0733,0.07249,9724.37199676,-1.1050477489768147
2018-04-30 17:00:00,0.07041,0.07448,0.07249,0.07403,15098.51282167,2.12443095599393
2018-05-01 17:00:00,0.07375,0.07515,0.07402,0.07447,9640.2607856,0.6079437989732398
2018-05-02 17:00:00,0.07447,0.0808,0.07447,0.07986,24752.41865409,7.237813884785828
2018-05-03 17:00:00,0.07927,0.08295,0.07986,0.08084,19431.559068,1.2271475081392371
2018-05-04 17:00:00,0.0806,0.0831,0.08084,0.083,15775.1402012,2.671944581890165
2018-05-05 17:00:00,0.07985,0.08438,0.08305,0.08196,20727.09288751,-1.3124623720650135
2018-05-06 17:00:00,0.0752,0.0824,0.08195,0.08039,29680.86969303,-1.9035997559487396
2018-05-07 17:00:00,0.0791,0.08204,0.08035,0.08151,8918.82812324,1.4436838830118162
2018-05-08 17:00:00,0.07915,0.08164,0.0815,0.08052,7489.88351485,-1.202453987730072
2018-05-09 17:00:00,0.08013,0.08186,0.08068,0.08029,8789.44666009,-0.4833911750123964
2018-05-10 17:00:00,0.07833,0.08224,0.08023,0.08065,16466.73220325,0.5234949520129674
2018-05-11 17:00:00,0.07752,0.08109,0.08065,0.08069,10085.95491618,0.04959702417854727
2018-05-12 17:00:00,0.08001,0.08509,0.08074,0.08399,9743.81605045,4.025266286846654
2018-05-13 17:00:00,0.08241,0.08464,0.08399,0.08389,11206.87327708,-0.11906179307059053
2018-05-14 17:00:00,0.08243,0.08484,0.0839,0.08334,5986.45687112,-0.6674612634088259
2018-05-15 17:00:00,0.0828,0.08468,0.08334,0.08468,7205.87735141,1.6078713702903862
2018-05-16 17:00:00,0.08268,0.08528,0.08468,0.08294,6026.55155142,-2.054794520547951
2018-05-17 17:00:00,0.08277,0.08424,0.08294,0.08418,5921.06040764,1.4950566674704666
2018-05-18 17:00:00,0.0835,0.08581,0.08419,0.08454,4212.50359922,0.41572633329374403
2018-05-19 17:00:00,0.08388,0.08568,0.08454,0.08391,3535.05868781,-0.7452093683463514
2018-05-20 17:00:00,0.0821,0.08421,0.08394,0.08313,6402.95213226,-0.964974982130099
2018-05-21 17:00:00,0.0801,0.0836,0.08312,0.08027,9623.41339878,-3.42877767083735
2018-05-22 17:00:00,0.07565,0.08098,0.08026,0.077,17654.29568209,-4.06179915275355
2018-05-23 17:00:00,0.075,0.0794,0.07689,0.0794,12723.41398501,3.264403693588241
2018-05-24 17:00:00,0.07722,0.08079,0.0794,0.07832,9905.69281682,-1.3602015113350097
2018-05-25 17:00:00,0.07715,0.08009,0.07831,0.07983,3703.05680683,1.9410037032307412
2018-05-26 17:00:00,0.0765,0.0803,0.07983,0.07764,4100.05386444,-2.7433295753476106
2018-05-27 17:00:00,0.07141,0.0779,0.07764,0.07213,16816.49684419,-7.096857290056673
2018-05-28 17:00:00,0.07212,0.0764,0.07214,0.0757,9992.38666502,4.9348489049071365
2018-05-29 17:00:00,0.07422,0.0774,0.07576,0.0756,8254.5734243,-0.21119324181625326
2018-05-30 17:00:00,0.07525,0.07745,0.07557,0.07712,6845.95709259,2.0510784702924387
2018-05-31 17:00:00,0.07517,0.07782,0.07713,0.07705,8640.17365312,-0.10372099053547337
2018-06-01 17:00:00,0.07625,0.0781,0.07705,0.07745,8250.01923165,0.5191434133679578
2018-06-02 17:00:00,0.07742,0.08086,0.07744,0.08025,5524.41096434,3.628615702479348
2018-06-03 17:00:00,0.07773,0.08075,0.08026,0.0789,4875.66665031,-1.694492898081236
2018-06-04 17:00:00,0.07801,0.08047,0.07892,0.07981,10319.72933848,1.1277242777496221
2018-06-05 17:00:00,0.07886,0.08,0.0798,0.07919,9231.65495019,-0.7644110275689217
2018-06-06 17:00:00,0.07801,0.0796,0.0792,0.0786,10586.39298211,-0.7575757575757617
2018-06-07 17:00:00,0.07809,0.07922,0.0786,0.07871,4747.34623626,0.139949109414757
2018-06-08 17:00:00,0.07858,0.0793,0.07871,0.07916,2563.83578304,0.5717189683648737
2018-06-09 17:00:00,0.07554,0.07952,0.07915,0.07752,12168.2465762,-2.059380922299422
2018-06-10 17:00:00,0.07622,0.07887,0.07748,0.07727,7858.63070487,-0.2710376871450542
2018-06-11 17:00:00,0.07443,0.0784,0.07725,0.07553,7743.69355152,-2.2265372168284783
2018-06-12 17:00:00,0.07225,0.07635,0.07552,0.07558,9899.17647432,0.07944915254236046
2018-06-13 17:00:00,0.0728,0.07913,0.07558,0.0783,22671.81933086,3.598835670812385
2018-06-14 17:00:00,0.07453,0.07845,0.0783,0.07633,8336.75421158,-2.515964240102171
2018-06-15 17:00:00,0.07585,0.07733,0.07633,0.07662,2407.01089606,0.37992925455259874
2018-06-16 17:00:00,0.07647,0.07752,0.07662,0.077,2232.24897158,0.49595405899243716
2018-06-17 17:00:00,0.0763,0.07765,0.077,0.07715,5193.05494556,0.19480519480519137
2018-06-18 17:00:00,0.07695,0.08023,0.07716,0.07978,6369.89473758,3.3955417314670777
2018-06-19 17:00:00,0.07847,0.0799,0.07977,0.07931,5203.07517477,-0.5766578914378692
2018-06-20 17:00:00,0.07787,0.08028,0.07935,0.07825,3837.811292,-1.386263390044113
2018-06-21 17:00:00,0.07496,0.07826,0.07826,0.07639,9644.28016966,-2.389470994122153
2018-06-22 17:00:00,0.07572,0.0775,0.07642,0.07703,3459.69025227,0.7982203611619988
2018-06-23 17:00:00,0.07262,0.07722,0.07703,0.07403,11196.13805449,-3.8945865247306277
2018-06-24 17:00:00,0.07281,0.07554,0.07397,0.0734,5876.6174608,-0.7705826686494353
2018-06-25 17:00:00,0.07073,0.07361,0.0734,0.07073,6973.59548904,-3.6376021798365197
2018-06-26 17:00:00,0.06994,0.07217,0.07075,0.07186,7143.72206697,1.5689045936395758
2018-06-27 17:00:00,0.07072,0.07215,0.07187,0.07178,4322.43077168,-0.1252261026854136
2018-06-28 17:00:00,0.06915,0.07199,0.07179,0.07018,7564.07282033,-2.242652179969355
2018-06-29 17:00:00,0.06989,0.07175,0.07011,0.07101,3525.88201448,1.283697047496788
2018-06-30 17:00:00,0.07051,0.0714,0.071,0.0711,2733.17390531,0.14084507042253924
2018-07-01 17:00:00,0.07056,0.07239,0.0711,0.07194,7521.30827726,1.1814345991561286
2018-07-02 17:00:00,0.0706,0.07295,0.07194,0.07096,5062.71849709,-1.3622463163747687
2018-07-03 17:00:00,0.0703,0.07197,0.07095,0.07088,5838.88025294,-0.09866102889358791
2018-07-04 17:00:00,0.07076,0.07171,0.07089,0.07161,3108.31948582,1.0156580617858633
2018-07-05 17:00:00,0.07002,0.07181,0.07161,0.07103,4104.94096562,-0.8099427454266126
2018-07-06 17:00:00,0.07001,0.07166,0.07104,0.07166,2446.94608365,0.8727477477477414
2018-07-07 17:00:00,0.07159,0.07305,0.07166,0.07252,2218.80548999,1.2001116382919337
2018-07-08 17:00:00,0.07062,0.07262,0.07253,0.07071,3247.72277425,-2.5093064938646106
2018-07-09 17:00:00,0.06752,0.07094,0.07075,0.06868,6657.44443299,-2.9257950530035175
2018-07-10 17:00:00,0.06763,0.0701,0.06865,0.0698,5731.11785751,1.675163874726873
2018-07-11 17:00:00,0.06862,0.07022,0.06983,0.06891,2603.61872579,-1.3174853214950653
2018-07-12 17:00:00,0.06891,0.07047,0.06891,0.06948,2294.65991661,0.8271658685241635
2018-07-13 17:00:00,0.06921,0.06998,0.0695,0.06929,1107.44696495,-0.30215827338129764
2018-07-14 17:00:00,0.06915,0.07118,0.06929,0.07073,2319.73990324,2.0782219656516046
2018-07-15 17:00:00,0.07018,0.07197,0.07075,0.07119,6435.6245383,0.6219081272084945
2018-07-16 17:00:00,0.06784,0.07133,0.07118,0.06825,9505.99438253,-4.116324810339967
2018-07-17 17:00:00,0.06454,0.06863,0.06821,0.06493,10180.40078832,-4.80867907931389
2018-07-18 17:00:00,0.06252,0.0651,0.06489,0.06268,6019.3231408,-3.405763599938363
2018-07-19 17:00:00,0.0603,0.0627,0.06268,0.06117,9920.51677923,-2.4090619017230335
2018-07-20 17:00:00,0.06096,0.0632,0.06122,0.06226,3738.03026851,1.6987912446912876
2018-07-21 17:00:00,0.06146,0.0628,0.06226,0.06182,3819.36047843,-0.7067137809187325
2018-07-22 17:00:00,0.05801,0.06182,0.06182,0.05822,15241.99524632,-5.823358136525394
2018-07-23 17:00:00,0.05637,0.05942,0.05822,0.05701,12753.01360121,-2.0783236001374146
2018-07-24 17:00:00,0.05678,0.05819,0.05705,0.0577,4513.44446033,1.1393514460999208
2018-07-25 17:00:00,0.05762,0.05884,0.05772,0.0583,5499.35023831,1.004851004851
2018-07-26 17:00:00,0.05671,0.05888,0.0583,0.05746,4593.82014805,-1.4408233276157814
2018-07-27 17:00:00,0.05672,0.05747,0.05745,0.05699,3682.03641698,-0.8006962576153213
2018-07-28 17:00:00,0.05655,0.05704,0.057,0.05677,1963.65529966,-0.40350877192982637
2018-07-29 17:00:00,0.05553,0.057,0.05677,0.0559,5367.71619007,-1.532499559626568
2018-07-30 17:00:00,0.05439,0.0562,0.05587,0.05585,6938.31746538,-0.03579738679077523
2018-07-31 17:00:00,0.05452,0.05639,0.05588,0.05524,5669.63676477,-1.145311381531857
2018-08-01 17:00:00,0.05412,0.05553,0.05524,0.05451,3177.14897492,-1.321506154960164
2018-08-02 17:00:00,0.05441,0.05644,0.05451,0.0563,10063.29903573,3.2838011374059803
2018-08-03 17:00:00,0.05585,0.05855,0.0563,0.058,5580.77234278,3.019538188277087
2018-08-04 17:00:00,0.05772,0.05882,0.058,0.05814,4552.92136773,0.24137931034481774
2018-08-05 17:00:00,0.05762,0.05869,0.05814,0.05833,2665.84945815,0.32679738562091964
2018-08-06 17:00:00,0.05522,0.0584,0.05835,0.05619,9280.57076479,-3.7017994858611862
2018-08-07 17:00:00,0.05551,0.0575,0.05626,0.05653,7953.55708392,0.47991468183433955
2018-08-08 17:00:00,0.05543,0.05708,0.05655,0.05563,5295.86287616,-1.6268788682581858
2018-08-09 17:00:00,0.0535,0.0565,0.05563,0.05396,10765.89905995,-3.0019773503505265
2018-08-10 17:00:00,0.04969,0.05408,0.05396,0.05107,14095.45037422,-5.355819125277991
2018-08-11 17:00:00,0.05022,0.05166,0.051,0.0503,5529.68837367,-1.3725490196078418
2018-08-12 17:00:00,0.0452,0.05048,0.05033,0.04538,23802.30242573,-9.835088416451427
2018-08-13 17:00:00,0.042,0.04552,0.04538,0.04495,27622.59567905,-0.9475539885412073
2018-08-14 17:00:00,0.04424,0.04634,0.04495,0.04486,17245.88671056,-0.20022246941045563
2018-08-15 17:00:00,0.04459,0.04641,0.04484,0.04545,5914.05199553,1.3603925066904536
2018-08-16 17:00:00,0.04536,0.0484,0.04545,0.04823,7718.01556736,6.116611661166127
2018-08-17 17:00:00,0.04489,0.04901,0.04823,0.04611,15932.52612842,-4.395604395604404
2018-08-18 17:00:00,0.04548,0.04742,0.04611,0.04618,4327.1521425,0.15181088700932688
2018-08-19 17:00:00,0.04287,0.04655,0.04618,0.04329,5887.18218981,-6.258120398440877
2018-08-20 17:00:00,0.04251,0.04407,0.04325,0.04337,2239.00297609,0.2774566473988487
2018-08-21 17:00:00,0.0415,0.04375,0.04337,0.0425,9159.25124843,-2.0059949273691395
2018-08-22 17:00:00,0.04201,0.04323,0.04251,0.04226,3341.6192647,-0.5880969183721483
2018-08-23 17:00:00,0.04164,0.04239,0.04227,0.04204,3735.14052772,-0.544121126094159
2018-08-24 17:00:00,0.04103,0.04203,0.04203,0.0412,3016.17628906,-1.9747799191053947
2018-08-25 17:00:00,0.04069,0.04121,0.04121,0.04087,3281.98702097,-0.8250424654210143
2018-08-26 17:00:00,0.04068,0.04165,0.04087,0.0416,5083.31341264,1.7861512111573319
2018-08-27 17:00:00,0.04076,0.0419,0.04165,0.04179,7237.60051521,0.3361344537815156
2018-08-28 17:00:00,0.04082,0.0419,0.04179,0.041,2892.24168009,-1.890404402967215
2018-08-29 17:00:00,0.04,0.04132,0.04099,0.04066,7142.14487823,-0.8050744083922834
2018-08-30 17:00:00,0.03977,0.04076,0.04069,0.04014,3479.44648027,-1.351683460309646
2018-08-31 17:00:00,0.04015,0.0417,0.04015,0.04101,5503.15720797,2.1419676214196754
2018-09-01 17:00:00,0.04011,0.04139,0.04101,0.04043,3473.04778884,-1.4142891977566379
2018-09-02 17:00:00,0.03952,0.04049,0.04043,0.03977,7825.51558255,-1.6324511501360397
2018-09-03 17:00:00,0.03831,0.03991,0.03978,0.03877,9537.50480688,-2.5389643036701957
2018-09-04 17:00:00,0.03392,0.03892,0.03877,0.0341,27434.14353335,-12.045395924684035
2018-09-05 17:00:00,0.03333,0.03582,0.03408,0.03524,19491.55495732,3.403755868544605
2018-09-06 17:00:00,0.03306,0.03592,0.03525,0.03361,11844.7972805,-4.652482269503534
2018-09-07 17:00:00,0.03096,0.03404,0.03361,0.0318,16950.4822099,-5.385301993454326
2018-09-08 17:00:00,0.0301,0.03243,0.0318,0.03139,13273.94732352,-1.2893081761006309
2018-09-09 17:00:00,0.02995,0.03209,0.03139,0.03118,12828.13401126,-0.6690028671551509
2018-09-10 17:00:00,0.02843,0.03137,0.03118,0.02945,13690.12500376,-5.548428479794737
2018-09-11 17:00:00,0.0269,0.02943,0.02943,0.02889,33610.5662864,-1.8348623853211086
2018-09-12 17:00:00,0.02892,0.03298,0.02892,0.0326,29382.21795634,12.724757952973706
2018-09-13 17:00:00,0.03155,0.03405,0.03261,0.0323,20763.96483507,-0.950628641520999
2018-09-14 17:00:00,0.03216,0.03467,0.0323,0.03409,11140.5887374,5.541795665634675
2018-09-15 17:00:00,0.03253,0.03429,0.03405,0.03385,3430.63774391,-0.5873715124816411
2018-09-16 17:00:00,0.03087,0.03439,0.03387,0.0314,15992.69642398,-7.2925893120755845
2018-09-17 17:00:00,0.03117,0.03359,0.03137,0.03291,16916.24924877,4.909148868345552
2018-09-18 17:00:00,0.03225,0.03374,0.03292,0.03285,12445.73042189,-0.2126366950182279
2018-09-19 17:00:00,0.03244,0.03496,0.03285,0.03454,9482.67653839,5.144596651445979
2018-09-20 17:00:00,0.03271,0.03717,0.03455,0.03667,24057.87373158,6.136034732272081
2018-09-21 17:00:00,0.03515,0.03735,0.03668,0.03583,7719.97923352,-2.317339149400209
2018-09-22 17:00:00,0.03548,0.03682,0.03584,0.03649,4431.55439227,1.8136160714285847
2018-09-23 17:00:00,0.03436,0.03657,0.03652,0.03464,5325.83849912,-5.147864184008762
2018-09-24 17:00:00,0.03194,0.03463,0.03461,0.03403,10865.97427125,-1.6758162380814912
2018-09-25 17:00:00,0.03246,0.0341,0.03403,0.03318,7620.36494006,-2.4977960622979625
2018-09-26 17:00:00,0.03269,0.03478,0.03318,0.03425,7236.01236537,3.2248342374924697
2018-09-27 17:00:00,0.03278,0.03454,0.03425,0.03345,9406.20351842,-2.3357664233576703
2018-09-28 17:00:00,0.033,0.03595,0.03344,0.03508,13727.62108446,4.904306220095702
2018-09-29 17:00:00,0.03463,0.0359,0.03508,0.03515,4535.25549911,0.1995438996579265
2018-09-30 17:00:00,0.03452,0.03532,0.03516,0.03505,6324.44507479,-0.31285551763367175
2018-10-01 17:00:00,0.03445,0.03509,0.03505,0.03461,7417.0381283,-1.2553495007132554
2018-10-02 17:00:00,0.03352,0.03461,0.03461,0.0339,15361.99927121,-2.0514302224790586
2018-10-03 17:00:00,0.03356,0.03424,0.0339,0.03373,7119.12852914,-0.5014749262536772
2018-10-04 17:00:00,0.03352,0.0348,0.03375,0.03444,5750.50905746,2.044444444444433
2018-10-05 17:00:00,0.03404,0.03451,0.03442,0.03413,1836.38206401,-0.8425334108076659
2018-10-06 17:00:00,0.03393,0.03427,0.03414,0.03426,2916.34297685,0.35149384885765106
2018-10-07 17:00:00,0.03404,0.0346,0.03424,0.03447,5048.0586297,0.6717289719626198
2018-10-08 17:00:00,0.03428,0.03462,0.03448,0.03434,2470.04128598,-0.40603248259859137
2018-10-09 17:00:00,0.03411,0.03438,0.03433,0.03422,3163.18573487,-0.32041945819982226
2018-10-10 17:00:00,0.03036,0.03423,0.03422,0.03063,79296.60101043,-10.490940970192868
2018-10-11 17:00:00,0.0306,0.03174,0.03064,0.03134,5854.34288685,2.284595300261094
2018-10-12 17:00:00,0.03132,0.03198,0.03134,0.03179,7420.97456411,1.4358647096362445
2018-10-13 17:00:00,0.03085,0.03195,0.0318,0.03104,4500.74825927,-2.3899371069182394
2018-10-14 17:00:00,0.0309,0.03382,0.03103,0.03175,38956.82988753,2.320335159523048
2018-10-15 17:00:00,0.03156,0.03203,0.03175,0.03184,4347.16975392,0.28346456692913324
2018-10-16 17:00:00,0.03146,0.03198,0.03183,0.03158,5006.9728772,-0.7854225573358474
2018-10-17 17:00:00,0.03085,0.03172,0.03158,0.03114,7194.66104544,-1.3932868904369728
2018-10-18 17:00:00,0.03103,0.03147,0.03116,0.03135,5684.39358214,0.6097560975609841
2018-10-19 17:00:00,0.03124,0.03172,0.03137,0.03161,13100.33544644,0.7650621613005966
2018-10-20 17:00:00,0.03141,0.03179,0.03161,0.03149,2550.95985668,-0.3796267004112687
2018-10-21 17:00:00,0.03126,0.03161,0.03148,0.03139,1883.94011142,-0.28589580686149874
2018-10-22 17:00:00,0.0311,0.0315,0.0314,0.03143,2981.25214704,0.09554140127389252
2018-10-23 17:00:00,0.03122,0.03146,0.03143,0.03128,1802.83822557,-0.4772510340438987
2018-10-24 17:00:00,0.03102,0.03127,0.03127,0.03124,5292.10667118,-0.09593859929644637
2018-10-25 17:00:00,0.03112,0.03169,0.03124,0.03134,4950.87295632,0.3201024327784872
2018-10-26 17:00:00,0.0313,0.03145,0.03133,0.0314,1465.54646868,0.22342802425790176
2018-10-27 17:00:00,0.03137,0.03162,0.0314,0.0316,1111.29673612,0.636942675159254
2018-10-28 17:00:00,0.03087,0.0318,0.03159,0.03106,8405.17724767,-1.677746122190564
2018-10-29 17:00:00,0.03094,0.03123,0.03105,0.03119,2795.03002106,0.45088566827696547
2018-10-30 17:00:00,0.03086,0.0313,0.03118,0.0312,4774.71276838,0.06414368184733542
2018-10-31 17:00:00,0.03113,0.03125,0.03121,0.03118,989.76607547,-0.09612303748799181
2018-11-01 17:00:00,0.03117,0.0316,0.03118,0.03146,1753.9427126,0.8980115458627403
2018-11-02 17:00:00,0.03135,0.03146,0.03145,0.03137,736.84639102,-0.2543720190778911
2018-11-03 17:00:00,0.03124,0.0336,0.03137,0.03272,10166.47634461,4.303474657315897
2018-11-04 16:00:00,0.03223,0.03282,0.03272,0.03257,2251.60928822,-0.45843520782395286
2018-11-05 16:00:00,0.03245,0.03393,0.03258,0.03389,8913.87767158,4.020871700429729
2018-11-06 16:00:00,0.03324,0.03404,0.03389,0.03334,3841.60900595,-1.6228976099144345
2018-11-07 16:00:00,0.03282,0.03348,0.03333,0.03282,3339.84969964,-1.53015301530152
2018-11-08 16:00:00,0.03265,0.03311,0.03282,0.03285,2669.40069913,0.09140767824495828
2018-11-09 16:00:00,0.03283,0.03335,0.03285,0.03313,1560.26845185,0.8523592085235997
2018-11-10 16:00:00,0.03282,0.03319,0.03313,0.03302,1460.85527128,-0.33202535466344396
2018-11-11 16:00:00,0.03271,0.03314,0.03302,0.03302,3392.28465571,0.0
2018-11-12 16:00:00,0.03236,0.03303,0.03302,0.03249,3101.39255733,-1.6050878255602745
2018-11-13 16:00:00,0.03,0.03256,0.03247,0.03168,36813.78956444,-2.4330150908530923
2018-11-14 16:00:00,0.03132,0.03234,0.03172,0.03206,11506.41301551,1.0718789407314
2018-11-15 16:00:00,0.03119,0.03214,0.03205,0.03131,6216.37365487,-2.308892355694242
2018-11-16 16:00:00,0.03113,0.0316,0.0313,0.03132,2860.91077795,0.06389776357827215
2018-11-17 16:00:00,0.03125,0.0319,0.03132,0.03161,3377.87369938,0.9259259259259214
2018-11-18 16:00:00,0.02913,0.03161,0.03161,0.03065,32259.68168366,-3.037013603290095
2018-11-19 16:00:00,0.02885,0.03091,0.03064,0.02932,49040.72968722,-4.308093994778074
2018-11-20 16:00:00,0.02882,0.03014,0.02932,0.02965,13172.72877976,1.1255115961800832
2018-11-21 16:00:00,0.02892,0.02985,0.0297,0.02893,5722.71442895,-2.592592592592592
2018-11-22 16:00:00,0.02794,0.02916,0.02892,0.02833,25794.75629222,-2.040110650069157
2018-11-23 16:00:00,0.02817,0.02937,0.02833,0.02926,19502.69529469,3.282739145781857
2018-11-24 16:00:00,0.0279,0.02942,0.02926,0.02904,27219.00308827,-0.7518796992481253
2018-11-25 16:00:00,0.0284,0.02917,0.02904,0.02866,12669.67025509,-1.3085399449035757
2018-11-26 16:00:00,0.02775,0.02906,0.02866,0.02876,11769.99715592,0.3489183531053712
2018-11-27 16:00:00,0.02792,0.02911,0.02877,0.02883,15914.64263516,0.20855057351408074
2018-11-28 16:00:00,0.02738,0.02892,0.02883,0.02746,11451.79564878,-4.75199445022547
2018-11-29 16:00:00,0.02732,0.02854,0.02747,0.02815,9476.10817442,2.4754277393520203
2018-11-30 16:00:00,0.02778,0.02877,0.02815,0.02817,6818.61411241,0.07104795737122267
2018-12-01 16:00:00,0.02793,0.02833,0.02817,0.028,5203.77320331,-0.6034788782392617
2018-12-02 16:00:00,0.02772,0.02845,0.028,0.02794,10499.45562992,-0.21428571428571794
2018-12-03 16:00:00,0.0277,0.0281,0.02796,0.02782,6541.87993363,-0.5007153075822524
2018-12-04 16:00:00,0.0272,0.02795,0.02784,0.02724,22291.10098323,-2.1551724137931028
2018-12-05 16:00:00,0.02555,0.02727,0.02725,0.026,46702.62209939,-4.587155963302757
2018-12-06 16:00:00,0.02443,0.02812,0.02601,0.02736,51985.95350595,5.190311418685123
2018-12-07 16:00:00,0.02549,0.02814,0.02737,0.02652,23707.92748668,-3.1055900621118013
2018-12-08 16:00:00,0.02612,0.0272,0.02655,0.02632,9817.96762337,-0.8662900188323956
2018-12-09 16:00:00,0.02578,0.02641,0.02629,0.02617,7938.93026865,-0.45644731837201236
2018-12-10 16:00:00,0.02573,0.02654,0.02617,0.02597,14125.22906669,-0.7642338555597967
2018-12-11 16:00:00,0.02577,0.02627,0.02595,0.02596,9355.7986101,0.038535645472060086
2018-12-12 16:00:00,0.02582,0.02658,0.02597,0.02607,20054.28598718,0.38505968425105663
2018-12-13 16:00:00,0.02587,0.02629,0.02607,0.02598,23235.42207937,-0.34522439585730647
2018-12-14 16:00:00,0.02584,0.02615,0.02598,0.02608,15105.01152811,0.38491147036181445
2018-12-15 16:00:00,0.02607,0.02682,0.02608,0.02622,13309.81409929,0.536809815950925
2018-12-16 16:00:00,0.02618,0.02714,0.02622,0.02683,17147.25439729,2.3264683447749785
2018-12-17 16:00:00,0.02645,0.02759,0.02683,0.02749,12408.46177445,2.4599329109206143
2018-12-18 16:00:00,0.02689,0.02827,0.02749,0.02695,26129.52583795,-1.9643506729719855
2018-12-19 16:00:00,0.02674,0.02866,0.02696,0.02812,27439.16855254,4.302670623145392
2018-12-20 16:00:00,0.02752,0.02887,0.02811,0.02809,30722.60864873,-0.07114905727498821
2018-12-21 16:00:00,0.02781,0.02936,0.02806,0.02915,11428.51035774,3.884533143264423
2018-12-22 16:00:00,0.02912,0.03323,0.02916,0.03285,43298.66394228,12.65432098765432
2018-12-23 16:00:00,0.03278,0.03762,0.03284,0.03447,68878.81682774,4.9634591961023125
2018-12-24 16:00:00,0.03286,0.03475,0.03445,0.03403,35123.52282082,-1.2191582002902865
2018-12-25 16:00:00,0.03341,0.03538,0.03402,0.03423,19532.64540396,0.617283950617269
2018-12-26 16:00:00,0.03143,0.03441,0.03424,0.03192,23280.4667301,-6.775700934579447
2018-12-27 16:00:00,0.03155,0.03537,0.03191,0.03519,31732.00722759,10.278909432779686
2018-12-28 16:00:00,0.03433,0.0374,0.0352,0.03599,30785.51688119,2.244318181818179
2018-12-29 16:00:00,0.03503,0.03654,0.036,0.03623,14296.11626854,0.6388888888888918
2018-12-30 16:00:00,0.03527,0.03629,0.03622,0.03548,16581.98020641,-2.043070127001669
2018-12-31 16:00:00,0.03534,0.03757,0.03548,0.03657,12696.30233104,3.072153325817364
2019-01-01 16:00:00,0.0365,0.04003,0.03657,0.0394,17848.92887426,7.7385835384194674
2019-01-02 16:00:00,0.0382,0.03982,0.03943,0.03886,14452.84851103,-1.445599797108803
2019-01-03 16:00:00,0.03861,0.04099,0.03886,0.04013,18147.13535725,3.268142048378796
2019-01-04 16:00:00,0.04012,0.04165,0.04013,0.04055,17552.8429549,1.0465985546972434
2019-01-05 16:00:00,0.0384,0.04069,0.04056,0.03852,14287.74822943,-5.029585798816568
2019-01-06 16:00:00,0.03728,0.03865,0.03853,0.03759,10783.40466506,-2.439657409810546
2019-01-07 16:00:00,0.03681,0.03772,0.03758,0.03728,13778.38409604,-0.7982969664715317
2019-01-08 16:00:00,0.03712,0.038,0.03728,0.03737,9539.11435291,0.241416309012875
2019-01-09 16:00:00,0.03414,0.03744,0.03736,0.03493,25958.9027868,-6.504282655246239
2019-01-10 16:00:00,0.03375,0.03526,0.03486,0.0346,13097.09878333,-0.7458405048766589
2019-01-11 16:00:00,0.0342,0.03502,0.03459,0.03431,5851.28190349,-0.8094825093957863
2019-01-12 16:00:00,0.03242,0.03441,0.0343,0.03288,10524.46325513,-4.139941690962093
2019-01-13 16:00:00,0.03286,0.03552,0.03288,0.03501,15816.48886357,6.478102189781023
2019-01-14 16:00:00,0.03287,0.03559,0.03501,0.03358,18026.26020026,-4.084547272207942
2019-01-15 16:00:00,0.03327,0.03475,0.03356,0.03384,10198.5744809,0.8343265792610324
2019-01-16 16:00:00,0.03307,0.03394,0.03384,0.03366,8139.31788905,-0.53191489361702
2019-01-17 16:00:00,0.03297,0.0337,0.03365,0.03311,4171.29848713,-1.6047548291233247
2019-01-18 16:00:00,0.03311,0.03373,0.03311,0.03347,5996.30352246,1.0872848082150384
2019-01-19 16:00:00,0.03302,0.03348,0.03347,0.03321,4540.03907045,-0.7768150582611185
2019-01-20 16:00:00,0.03227,0.03324,0.03321,0.03279,8463.46864089,-1.2646793134598122
2019-01-21 16:00:00,0.03221,0.03315,0.03279,0.03299,7124.07045395,0.6099420555047234
2019-01-22 16:00:00,0.03261,0.03327,0.03299,0.03279,3931.72545634,-0.6062443164595296
2019-01-23 16:00:00,0.03224,0.03279,0.03278,0.03262,2761.41711024,-0.48810250152530044
2019-01-24 16:00:00,0.03227,0.03293,0.03261,0.0323,6364.60872045,-0.950628641520999
2019-01-25 16:00:00,0.03211,0.03253,0.0323,0.03235,3698.13655905,0.15479876160989006
2019-01-26 16:00:00,0.03156,0.03241,0.03234,0.03156,5013.69964537,-2.411873840445278
2019-01-27 16:00:00,0.02981,0.03171,0.03156,0.03069,10678.23749395,-2.756653992395435
2019-01-28 16:00:00,0.03019,0.03096,0.0307,0.0306,4511.6337019,-0.3257328990228106
2019-01-29 16:00:00,0.03047,0.03157,0.0306,0.03133,8363.86104229,2.3856209150326735
2019-01-30 16:00:00,0.03078,0.03168,0.03133,0.03097,10500.85573093,-1.1490584104691854
2019-01-31 16:00:00,0.03048,0.03108,0.03097,0.03085,8607.62206474,-0.3874717468517987
2019-02-01 16:00:00,0.03078,0.03159,0.03085,0.03149,2960.51721688,2.074554294975683
2019-02-02 16:00:00,0.03085,0.03163,0.03151,0.031,3651.07222925,-1.6185337987940445
2019-02-03 16:00:00,0.03089,0.03133,0.03101,0.03104,2783.28785622,0.09674298613351258
2019-02-04 16:00:00,0.03084,0.03111,0.03105,0.03095,3245.82267691,-0.3220611916264182
2019-02-05 16:00:00,0.02988,0.03103,0.03093,0.0307,16539.43361979,-0.7436146136437037
2019-02-06 16:00:00,0.03059,0.031,0.03069,0.0307,12050.79446331,0.03258390355165547
2019-02-07 16:00:00,0.0306,0.03301,0.0307,0.03258,21478.18963074,6.123778501628651
2019-02-08 16:00:00,0.03235,0.03299,0.03259,0.03258,4576.59931347,-0.030684258975155147
2019-02-09 16:00:00,0.03205,0.03417,0.03258,0.03392,14616.38780122,4.112952731737265
2019-02-10 16:00:00,0.03301,0.034,0.03396,0.03331,15050.23055223,-1.9140164899882153
2019-02-11 16:00:00,0.03292,0.03383,0.0333,0.03366,13041.57807525,1.0810810810810785
2019-02-12 16:00:00,0.0335,0.03444,0.03366,0.03376,7914.81431486,0.2970885323826379
2019-02-13 16:00:00,0.03351,0.03431,0.03376,0.03353,3627.39664013,-0.6812796208530837
2019-02-14 16:00:00,0.03352,0.03413,0.03353,0.03377,3391.69674968,0.715776916194465
2019-02-15 16:00:00,0.03374,0.03421,0.03377,0.03395,2220.11411153,0.5330174711282191
2019-02-16 16:00:00,0.03386,0.03696,0.03393,0.03646,14898.11141461,7.456528146183311
2019-02-17 16:00:00,0.03623,0.03828,0.03647,0.03737,20779.64418245,2.4677817384151304
2019-02-18 16:00:00,0.03665,0.0379,0.03737,0.03667,9802.11988364,-1.8731602890018713
2019-02-19 16:00:00,0.03597,0.03767,0.03666,0.03742,11097.78402239,2.0731042007637854
2019-02-20 16:00:00,0.03655,0.03752,0.03742,0.03697,7983.16571626,-1.2025654730090833
2019-02-21 16:00:00,0.03664,0.03732,0.03698,0.0372,14604.38566803,0.5949161709031855
2019-02-22 16:00:00,0.03675,0.03939,0.0372,0.03828,18704.89163,2.9032258064516254
2019-02-23 16:00:00,0.03523,0.03969,0.03828,0.03525,44053.89936173,-7.9153605015674104
2019-02-24 16:00:00,0.0352,0.03677,0.03525,0.03604,15377.92646896,2.241134751773067
2019-02-25 16:00:00,0.03528,0.03614,0.03604,0.0358,6457.18239612,-0.665926748057725
2019-02-26 16:00:00,0.03401,0.03651,0.03579,0.03532,11921.26098274,-1.3132159821179243
2019-02-27 16:00:00,0.03493,0.03614,0.03538,0.03549,16899.77654272,0.3109101187111334
2019-02-28 16:00:00,0.03532,0.03582,0.03548,0.0354,5481.87149305,-0.22547914317924675
2019-03-01 16:00:00,0.03433,0.03551,0.03541,0.03469,7507.79186669,-2.033323919796663
2019-03-02 16:00:00,0.03392,0.03518,0.03469,0.03431,9127.64258712,-1.0954165465551986
2019-03-03 16:00:00,0.03338,0.03432,0.03431,0.03381,10176.48502437,-1.4573010784027993
2019-03-04 16:00:00,0.03377,0.03558,0.03383,0.03543,8600.78651588,4.729530002955968
2019-03-05 16:00:00,0.03496,0.03606,0.03545,0.03556,9539.24887188,0.31029619181946116
2019-03-06 16:00:00,0.03523,0.0359,0.03556,0.0353,4801.48120105,-0.7311586051743624
2019-03-07 16:00:00,0.03426,0.03543,0.03533,0.03453,18134.24579886,-2.2643645626946
2019-03-08 16:00:00,0.03445,0.03549,0.0345,0.0348,6834.40657509,0.8695652173912889
2019-03-09 16:00:00,0.03439,0.03496,0.03481,0.03458,15183.08687581,-0.6607296753806408
2019-03-10 17:00:00,0.034,0.03461,0.03458,0.03423,11134.53703062,-1.0121457489878631
2019-03-11 17:00:00,0.03363,0.03479,0.03424,0.03439,14570.35460168,0.43808411214952503
2019-03-12 17:00:00,0.03397,0.0344,0.03439,0.03405,3942.43570889,-0.988659494038965
2019-03-13 17:00:00,0.03385,0.03449,0.03406,0.0341,6189.36156433,0.11743981209629585
2019-03-14 17:00:00,0.03409,0.03502,0.03409,0.0348,5182.53097092,2.082722205925478
2019-03-15 17:00:00,0.0348,0.03609,0.0348,0.03523,13549.54856568,1.2356321839080455
2019-03-16 17:00:00,0.03458,0.03522,0.03522,0.03483,6318.77725848,-1.1073253833049446
2019-03-17 17:00:00,0.0344,0.03522,0.03482,0.03453,10719.82670743,-0.832854681217687
2019-03-18 17:00:00,0.03443,0.03474,0.03453,0.0345,4908.25301076,-0.08688097306688478
2019-03-19 17:00:00,0.03415,0.03451,0.03449,0.0344,6045.96370411,-0.2609452015076828
2019-03-20 17:00:00,0.03375,0.03442,0.03439,0.03386,7623.42864125,-1.5411456818842566
2019-03-21 17:00:00,0.03381,0.03429,0.03385,0.03411,5113.93026416,0.7680945347119743
2019-03-22 17:00:00,0.03407,0.03445,0.03412,0.03424,2885.38431266,0.35169988276671177
2019-03-23 17:00:00,0.03383,0.03428,0.03424,0.03408,4803.7787981,-0.4672897196261695
2019-03-24 17:00:00,0.03367,0.03422,0.0341,0.03402,4342.99049904,-0.23460410557183797
2019-03-25 17:00:00,0.03385,0.03415,0.03403,0.03395,3590.03156099,-0.23508668821627018
2019-03-26 17:00:00,0.03396,0.03458,0.03397,0.03452,3708.02391193,1.6190756549897025
2019-03-27 17:00:00,0.03409,0.03456,0.03452,0.03424,3174.20399937,-0.8111239860950245
2019-03-28 17:00:00,0.03409,0.03491,0.03423,0.03489,4663.84843624,1.9281332164767775
2019-03-29 17:00:00,0.03454,0.0354,0.03488,0.03466,4638.06870217,-0.6307339449541226
2019-03-30 17:00:00,0.03428,0.03469,0.03469,0.03448,4356.18878166,-0.6053617757278809
2019-03-31 17:00:00,0.03385,0.03459,0.03448,0.03415,4592.13592153,-0.9570765661252814
2019-04-01 17:00:00,0.03034,0.03411,0.0341,0.03357,38101.04632442,-1.5542521994134773
2019-04-02 17:00:00,0.03118,0.03488,0.03357,0.03238,33673.64935599,-3.5448316949657532
2019-04-03 17:00:00,0.03141,0.03257,0.03239,0.03215,15928.95468809,-0.7409694350108185
2019-04-04 17:00:00,0.03199,0.03337,0.03212,0.03296,9885.75484048,2.6151930261519314
2019-04-05 17:00:00,0.03224,0.03345,0.03294,0.03281,9753.23021724,-0.39465695203399576
2019-04-06 17:00:00,0.0325,0.03404,0.03283,0.03372,11815.14947219,2.710935120316789
2019-04-07 17:00:00,0.03364,0.03527,0.03372,0.03418,21714.25337833,1.364175563463826
2019-04-08 17:00:00,0.03373,0.03441,0.03416,0.03388,14151.29240961,-0.8196721311475481
2019-04-09 17:00:00,0.03268,0.03472,0.03388,0.03337,19985.20743149,-1.505312868949243
2019-04-10 17:00:00,0.03217,0.03333,0.03332,0.03271,16317.61967041,-1.830732292917165
2019-04-11 17:00:00,0.03218,0.03286,0.03271,0.03236,7241.79831352,-1.0700091715071938
2019-04-12 17:00:00,0.03204,0.03249,0.03236,0.03233,3568.14436444,-0.09270704573548284
2019-04-13 17:00:00,0.03212,0.03277,0.03233,0.0326,4569.4880097,0.8351376430559834
2019-04-14 17:00:00,0.03108,0.03272,0.0326,0.03185,9556.20159498,-2.3006134969324963
2019-04-15 17:00:00,0.03177,0.03232,0.03184,0.032,4409.39049099,0.5025125628140716
2019-04-16 17:00:00,0.03165,0.03204,0.03196,0.03185,3496.76119147,-0.3441802252815988
2019-04-17 17:00:00,0.03175,0.03327,0.03185,0.03293,11667.06091336,3.3908948194662405
2019-04-18 17:00:00,0.03246,0.03308,0.03293,0.03285,7977.67332105,-0.24293956878227657
2019-04-19 17:00:00,0.03242,0.03319,0.03285,0.03264,4696.3846095,-0.6392694063926787
2019-04-20 17:00:00,0.03184,0.03271,0.03265,0.03207,5540.91856074,-1.7764165390505275
2019-04-21 17:00:00,0.0318,0.03244,0.03209,0.03182,6593.60051532,-0.8413836086008084
2019-04-22 17:00:00,0.03065,0.03184,0.03183,0.03078,14060.09736878,-3.2987747408105528
2019-04-23 17:00:00,0.0297,0.03081,0.03077,0.03046,13706.89913433,-1.0074748131296645
2019-04-24 17:00:00,0.02928,0.03048,0.03046,0.02961,18264.71429913,-2.7905449770190414
2019-04-25 17:00:00,0.0292,0.02987,0.02963,0.02973,11968.64397577,0.33749578130273167
2019-04-26 17:00:00,0.02961,0.03044,0.02973,0.03011,4846.15919507,1.2781701984527476
2019-04-27 17:00:00,0.02972,0.03014,0.03012,0.02975,4421.51702342,-1.228419654714483
2019-04-28 17:00:00,0.02928,0.02985,0.02975,0.02961,6407.90563894,-0.47058823529411015
2019-04-29 17:00:00,0.02952,0.03049,0.02961,0.03043,11074.82317138,2.7693346842282938
2019-04-30 17:00:00,0.02956,0.03063,0.03044,0.02973,4554.69074546,-2.332457293035476
2019-05-01 17:00:00,0.02914,0.02993,0.02973,0.02945,6708.59268016,-0.9418096199125429
2019-05-02 17:00:00,0.02818,0.0296,0.02945,0.02911,16462.38007924,-1.1544991511035654
2019-05-03 17:00:00,0.02801,0.02922,0.02912,0.02805,10547.64005495,-3.6744505494505546
2019-05-04 17:00:00,0.02785,0.02842,0.02809,0.02819,11720.67754164,0.35599857600569385
2019-05-05 17:00:00,0.02813,0.0308,0.02821,0.03007,24227.58116858,6.593406593406595
2019-05-06 17:00:00,0.02887,0.03139,0.03009,0.02893,33234.50951675,-3.8551013625789228
2019-05-07 17:00:00,0.02837,0.02914,0.02894,0.02852,20569.96285268,-1.4512785072563932
2019-05-08 17:00:00,0.02727,0.02854,0.02854,0.02763,26802.90227832,-3.1885073580939074
2019-05-09 17:00:00,0.02701,0.02813,0.02764,0.02714,29377.15899994,-1.8089725036179467
2019-05-10 17:00:00,0.0252,0.02864,0.02714,0.02671,68093.99599932,-1.584377302873986
2019-05-11 17:00:00,0.0262,0.02727,0.02673,0.02697,38547.29619542,0.8978675645342336
2019-05-12 17:00:00,0.02451,0.02721,0.02696,0.02514,50456.36894518,-6.75074183976262
2019-05-13 17:00:00,0.0248,0.02783,0.02512,0.02726,65026.33831521,8.519108280254775
2019-05-14 17:00:00,0.02706,0.03058,0.02724,0.03039,88475.02724192,11.563876651982378
2019-05-15 17:00:00,0.03031,0.03487,0.03037,0.03358,165524.13595833,10.569641093184055
2019-05-16 17:00:00,0.03157,0.03403,0.03353,0.03323,82320.33744613,-0.8947211452430502
2019-05-17 17:00:00,0.03191,0.03346,0.0332,0.03219,15370.14127228,-3.042168674698786
2019-05-18 17:00:00,0.0316,0.03243,0.0322,0.03183,25846.42352927,-1.1490683229813736
2019-05-19 17:00:00,0.03105,0.03231,0.0318,0.03159,22434.38853633,-0.6603773584905718
2019-05-20 17:00:00,0.03158,0.03277,0.03163,0.03205,19603.00589215,1.327853303825494
2019-05-21 17:00:00,0.03139,0.03263,0.03205,0.03194,30077.26457109,-0.3432137285491388
2019-05-22 17:00:00,0.03072,0.03208,0.03195,0.03116,18585.92429306,-2.4726134585289485
2019-05-23 17:00:00,0.03101,0.03164,0.03117,0.0312,11215.16883487,0.09624639076034257
2019-05-24 17:00:00,0.03109,0.03187,0.03123,0.0312,9403.12391741,-0.09606147934678913
2019-05-25 17:00:00,0.03017,0.03141,0.0312,0.03072,20176.21222136,-1.5384615384615314
2019-05-26 17:00:00,0.03038,0.03139,0.03072,0.03092,26266.91540004,0.6510416666666627
2019-05-27 17:00:00,0.03067,0.03151,0.03095,0.03109,16166.20951645,0.45234248788368736
2019-05-28 17:00:00,0.0308,0.03139,0.0311,0.0311,14559.89424093,0.0
2019-05-29 17:00:00,0.02972,0.03313,0.03109,0.03076,49814.91303591,-1.0614345448697344
2019-05-30 17:00:00,0.0302,0.03135,0.03076,0.03131,14698.45496894,1.788036410923272
2019-05-31 17:00:00,0.03085,0.0321,0.03131,0.03093,20849.27836203,-1.2136697540721764
2019-06-01 17:00:00,0.03068,0.0313,0.03094,0.03081,6339.71637288,-0.4201680672268848
2019-06-02 17:00:00,0.03035,0.0311,0.0308,0.03078,13710.16801275,-0.06493506493507356
2019-06-03 17:00:00,0.03062,0.03163,0.03078,0.03139,24103.83256273,1.9818063677712896
2019-06-04 17:00:00,0.03091,0.03185,0.0314,0.03156,8369.360541,0.5095541401273899
2019-06-05 17:00:00,0.03126,0.03209,0.0316,0.03193,7571.38216733,1.0443037974683447
2019-06-06 17:00:00,0.03109,0.0321,0.03195,0.03118,14186.22900625,-2.410015649452269
2019-06-07 17:00:00,0.03076,0.03136,0.03118,0.0308,3844.06879716,-1.2187299550994175
2019-06-08 17:00:00,0.02999,0.03095,0.03078,0.0303,8500.63375896,-1.5594541910331314
2019-06-09 17:00:00,0.03018,0.03111,0.0303,0.03091,8154.21226228,2.0132013201320116
2019-06-10 17:00:00,0.0307,0.03125,0.03091,0.03098,9716.96362066,0.2264639275315452
2019-06-11 17:00:00,0.03082,0.03224,0.03099,0.03215,20089.19474389,3.743142949338489
2019-06-12 17:00:00,0.03078,0.03229,0.03217,0.03098,17809.63045867,-3.6990985390114908
2019-06-13 17:00:00,0.03022,0.03118,0.03099,0.03033,18427.72612087,-2.1297192642788025
2019-06-14 17:00:00,0.03017,0.03088,0.03035,0.0304,9992.38547008,0.16474464579901626
2019-06-15 17:00:00,0.02931,0.03044,0.03037,0.0299,24138.55970302,-1.5475798485347436
2019-06-16 17:00:00,0.0291,0.02995,0.0299,0.02933,23345.92892099,-1.9063545150501708
2019-06-17 17:00:00,0.02885,0.02952,0.02935,0.02911,17121.25515794,-0.8177172061328811
2019-06-18 17:00:00,0.02891,0.0294,0.0291,0.02896,12156.38425505,-0.4810996563573925
2019-06-19 17:00:00,0.02805,0.02905,0.02896,0.02852,16180.3922795,-1.5193370165745836
2019-06-20 17:00:00,0.02851,0.02987,0.02855,0.02898,51926.1596692,1.5061295971978979
2019-06-21 17:00:00,0.02772,0.02973,0.02896,0.02893,60685.1291385,-0.10359116022099027
2019-06-22 17:00:00,0.02809,0.02955,0.02894,0.0283,37166.89813205,-2.211472011057366
2019-06-23 17:00:00,0.02797,0.02863,0.0283,0.02818,29914.51251184,-0.42402826855123177
2019-06-24 17:00:00,0.02685,0.02821,0.02818,0.02693,41422.14366262,-4.435770049680628
2019-06-25 17:00:00,0.02525,0.02791,0.02693,0.02591,138468.67352435,-3.7875974749350174
2019-06-26 17:00:00,0.02562,0.02732,0.02591,0.02634,94807.42924611,1.6595908915476645
2019-06-27 17:00:00,0.02488,0.02709,0.02635,0.02503,49245.09243988,-5.00948766603415
2019-06-28 17:00:00,0.02499,0.02712,0.02503,0.02669,42250.42632754,6.632041550139825
2019-06-29 17:00:00,0.02608,0.02706,0.02669,0.02696,33240.44169207,1.0116148370176203
2019-06-30 17:00:00,0.02664,0.02803,0.02698,0.02776,41553.9142787,2.891030392883615
2019-07-01 17:00:00,0.02656,0.02835,0.02779,0.02689,47905.11313634,-3.2385750269881184
2019-07-02 17:00:00,0.02517,0.02689,0.02687,0.02523,37983.0381735,-6.103461109043552
2019-07-03 17:00:00,0.02482,0.02567,0.02523,0.02536,41835.21708268,0.5152596115735302
2019-07-04 17:00:00,0.02514,0.02642,0.0254,0.02621,33607.82407081,3.1889763779527627
2019-07-05 17:00:00,0.02529,0.02611,0.02611,0.02564,20130.11091327,-1.8000765990042193
2019-07-06 17:00:00,0.02552,0.02707,0.02568,0.02669,20926.53635178,3.9330218068535707
2019-07-07 17:00:00,0.02525,0.02691,0.02669,0.02549,25489.29280365,-4.496065942300486
2019-07-08 17:00:00,0.02434,0.0256,0.02546,0.02451,61589.66331826,-3.731343283582087
2019-07-09 17:00:00,0.02285,0.02461,0.02449,0.02387,60585.58395283,-2.531645569620263
2019-07-10 17:00:00,0.02304,0.02425,0.02386,0.02369,35512.66638749,-0.7124895222129087
2019-07-11 17:00:00,0.0232,0.02406,0.0237,0.02334,16290.55467731,-1.5189873417721487
2019-07-12 17:00:00,0.02326,0.02436,0.02333,0.02366,16488.17123658,1.4144877839691403
2019-07-13 17:00:00,0.02202,0.02407,0.02366,0.02218,42873.8053359,-6.25528317836011
2019-07-14 17:00:00,0.02032,0.0223,0.02218,0.02104,59035.34862678,-5.139765554553646
2019-07-15 17:00:00,0.02007,0.02143,0.02104,0.02109,53225.98897776,0.2376425855513376
2019-07-16 17:00:00,0.02095,0.0224,0.0211,0.02181,34887.02839613,3.364928909952601
2019-07-17 17:00:00,0.02101,0.02239,0.0218,0.02125,38924.75120773,-2.5229357798165064
2019-07-18 17:00:00,0.0208,0.0213,0.02125,0.02101,20164.3453214,-1.1294117647058852
2019-07-19 17:00:00,0.02102,0.02189,0.02102,0.02125,22344.90536134,1.094196003805904
2019-07-20 17:00:00,0.02096,0.02142,0.02125,0.0213,14133.13097681,0.23529411764704922
2019-07-21 17:00:00,0.02082,0.02138,0.0213,0.02104,15388.60234091,-1.2206572769953044
2019-07-22 17:00:00,0.02097,0.02162,0.02103,0.02154,13650.18296034,2.4251069900142657
2019-07-23 17:00:00,0.02086,0.02246,0.02154,0.02215,31617.11736065,2.8319405756731633
2019-07-24 17:00:00,0.02194,0.02237,0.02215,0.02218,20890.37696906,0.13544018058690194
2019-07-25 17:00:00,0.022,0.0224,0.02218,0.02228,13530.37898247,0.4508566275924385
2019-07-26 17:00:00,0.02157,0.0223,0.02227,0.02187,19552.38075848,-1.7961383026493087
2019-07-27 17:00:00,0.02163,0.02235,0.02188,0.02216,12535.77390931,1.2797074954296115
2019-07-28 17:00:00,0.02192,0.02229,0.02217,0.02219,13134.8834515,0.09021199819577201
2019-07-29 17:00:00,0.02177,0.02221,0.0222,0.0219,11250.29120525,-1.3513513513513586
2019-07-30 17:00:00,0.02146,0.02215,0.02191,0.02167,12970.70426848,-1.0953902327704272
2019-07-31 17:00:00,0.02072,0.02168,0.02167,0.02091,16107.51261193,-3.5071527457314113
2019-08-01 17:00:00,0.02057,0.02116,0.0209,0.0207,18466.92228163,-0.9569377990430564
2019-08-02 17:00:00,0.02032,0.02094,0.0207,0.0205,10892.56748597,-0.9661835748792212
2019-08-03 17:00:00,0.02011,0.0206,0.02051,0.02029,7826.80402781,-1.0726474890297486
2019-08-04 17:00:00,0.0194,0.02036,0.02029,0.01975,20560.88260235,-2.6614095613602706
2019-08-05 17:00:00,0.01908,0.01993,0.01975,0.0197,29280.02049405,-0.25316455696203255
2019-08-06 17:00:00,0.01875,0.01974,0.0197,0.01888,21800.54414578,-4.162436548223339
2019-08-07 17:00:00,0.01838,0.0191,0.01887,0.01842,22028.50818895,-2.384737678855339
2019-08-08 17:00:00,0.01756,0.01852,0.01843,0.01774,26313.47914658,-3.7438958220292986
2019-08-09 17:00:00,0.01773,0.01834,0.01773,0.01824,20690.95842228,2.876480541455161
2019-08-10 17:00:00,0.01824,0.01899,0.01825,0.01873,18549.90035148,2.630136986301377
2019-08-11 17:00:00,0.01851,0.01876,0.01873,0.01856,9132.15307871,-0.9076348104644956
2019-08-12 17:00:00,0.01832,0.01928,0.01854,0.0192,18523.41204754,3.559870550161798
2019-08-13 17:00:00,0.01803,0.0198,0.0192,0.0186,43458.43603478,-3.124999999999999
2019-08-14 17:00:00,0.018,0.01894,0.01861,0.01826,45171.57389319,-1.8807092960773941
2019-08-15 17:00:00,0.01763,0.01855,0.01827,0.0179,19132.87523958,-2.025177887246865
2019-08-16 17:00:00,0.01778,0.01827,0.01791,0.01822,7184.80858193,1.7308766052484719
2019-08-17 17:00:00,0.01808,0.019,0.01824,0.01885,14322.17904257,3.3442982456140324
2019-08-18 17:00:00,0.01841,0.01891,0.01886,0.01853,13886.34570398,-1.7497348886532185
2019-08-19 17:00:00,0.01821,0.01854,0.01852,0.01826,13915.52059251,-1.4038876889848804
2019-08-20 17:00:00,0.01808,0.01865,0.01826,0.01848,19831.77792012,1.2048192771084418
2019-08-21 17:00:00,0.01849,0.01918,0.01849,0.01885,13261.97975837,1.946998377501348
2019-08-22 17:00:00,0.01851,0.01904,0.01886,0.01866,10501.56670068,-1.0604453870625599
2019-08-23 17:00:00,0.01852,0.01899,0.01867,0.01881,6917.67740476,0.7498660953401245
2019-08-24 17:00:00,0.01823,0.01886,0.01881,0.01838,7602.48247145,-2.286018075491759
2019-08-25 17:00:00,0.01805,0.01861,0.01838,0.01818,16095.9623969,-1.0881392818280675
2019-08-26 17:00:00,0.01811,0.01857,0.01818,0.0184,8608.66679746,1.2101210121011987
2019-08-27 17:00:00,0.01722,0.01844,0.01839,0.01778,18519.50315489,-3.3170201196302305
2019-08-28 17:00:00,0.01745,0.01797,0.01779,0.0178,15465.92758904,0.056211354693645826
2019-08-29 17:00:00,0.01748,0.01788,0.01781,0.01757,9895.19212241,-1.3475575519371177
2019-08-30 17:00:00,0.01736,0.01808,0.01757,0.01789,5278.00766856,1.8212862834376828
2019-08-31 17:00:00,0.01751,0.01804,0.01789,0.01757,4662.98812886,-1.788708775852436
2019-09-01 17:00:00,0.01715,0.01772,0.01756,0.0172,10770.0610391,-2.0501138952163966
2019-09-02 17:00:00,0.01672,0.01731,0.0172,0.01684,21399.30854249,-2.0930232558139488
2019-09-03 17:00:00,0.01639,0.01699,0.01684,0.01652,16733.71027809,-1.9002375296912164
2019-09-04 17:00:00,0.01618,0.01658,0.01652,0.01645,14167.93192984,-0.4237288135593258
2019-09-05 17:00:00,0.01614,0.01659,0.01645,0.01639,18127.63091337,-0.36474164133739223
2019-09-06 17:00:00,0.01629,0.01717,0.0164,0.01699,14056.25606229,3.597560975609757
2019-09-07 17:00:00,0.01698,0.01756,0.01698,0.01747,15352.67124583,2.8857479387514777
2019-09-08 17:00:00,0.01724,0.01775,0.01747,0.01754,11959.27384845,0.4006868918145428
2019-09-09 17:00:00,0.01751,0.01785,0.01752,0.01779,7208.15517834,1.5410958904109555
2019-09-10 17:00:00,0.01745,0.01799,0.01779,0.01754,10132.40803265,-1.405283867341204
2019-09-11 17:00:00,0.01735,0.01764,0.01753,0.01736,6609.98889426,-0.9697661152310325
2019-09-12 17:00:00,0.0173,0.01767,0.01737,0.01752,7676.605228,0.8635578583765159
2019-09-13 17:00:00,0.01746,0.01826,0.01753,0.01822,17116.66699688,3.9361095265259536
2019-09-14 17:00:00,0.01805,0.01845,0.01823,0.01836,9171.77137076,0.7131102578167945
2019-09-15 17:00:00,0.01837,0.01981,0.01837,0.01926,38262.12952867,4.844855743059327
2019-09-16 17:00:00,0.01917,0.02102,0.01927,0.02041,45823.06279548,5.915931499740541
2019-09-17 17:00:00,0.0204,0.0213,0.0204,0.02069,38858.45001883,1.4215686274509733
2019-09-18 17:00:00,0.02027,0.0223,0.0207,0.02151,54195.42128422,3.9130434782608776
2019-09-19 17:00:00,0.02107,0.02156,0.02149,0.02146,22378.14455435,-0.13959981386690917
2019-09-20 17:00:00,0.02141,0.02184,0.02144,0.02153,19479.16451515,0.4197761194029841
2019-09-21 17:00:00,0.02063,0.02156,0.02154,0.02104,17023.2760012,-2.32126276694522
2019-09-22 17:00:00,0.02052,0.02135,0.02104,0.02074,15978.10599926,-1.4258555133079762
2019-09-23 17:00:00,0.01887,0.02078,0.02073,0.0195,90721.12931669,-5.933429811866853
2019-09-24 17:00:00,0.01943,0.02035,0.0195,0.02016,27457.30397345,3.3846153846153895
2019-09-25 17:00:00,0.01964,0.02065,0.02015,0.02057,31973.53896268,2.0843672456575693
2019-09-26 17:00:00,0.02044,0.02164,0.02058,0.02124,16745.48281934,3.2069970845480924
2019-09-27 17:00:00,0.02095,0.02148,0.02125,0.02115,11820.21345275,-0.4705882352941311
2019-09-28 17:00:00,0.0207,0.02122,0.02117,0.02103,11548.59039408,-0.6613131790269307
2019-09-29 17:00:00,0.02102,0.02187,0.02105,0.02181,17427.87362538,3.610451306413303
2019-09-30 17:00:00,0.021,0.02211,0.02181,0.02118,9863.58673742,-2.888583218707009
2019-10-01 17:00:00,0.02106,0.0217,0.02117,0.02159,8662.65607315,1.9839395370807755
2019-10-02 17:00:00,0.021,0.02158,0.02157,0.02125,15111.4475028,-1.4835419564209429
2019-10-03 17:00:00,0.02125,0.0218,0.02126,0.02155,14574.8054301,1.3640639698965127
2019-10-04 17:00:00,0.02139,0.0218,0.02153,0.02169,5394.6798643,0.7431490942870432
2019-10-05 17:00:00,0.0214,0.02196,0.02169,0.02165,11718.97485337,-0.18441678192716385
2019-10-06 17:00:00,0.02159,0.02209,0.02165,0.02198,17039.33624407,1.5242494226327965
2019-10-07 17:00:00,0.02179,0.02232,0.02199,0.02209,16557.08108688,0.4547521600727576
2019-10-08 17:00:00,0.02202,0.02304,0.0221,0.0225,38363.09138018,1.8099547511312108
2019-10-09 17:00:00,0.02201,0.02264,0.02249,0.02233,12784.0595824,-0.7114273010226786
2019-10-10 17:00:00,0.02159,0.02269,0.02234,0.02185,22048.82818513,-2.193375111906882
2019-10-11 17:00:00,0.02135,0.02215,0.02186,0.02163,9401.1928298,-1.0521500457456587
2019-10-12 17:00:00,0.02159,0.02198,0.02163,0.02187,8581.49676836,1.1095700416088796
2019-10-13 17:00:00,0.02186,0.0225,0.02188,0.02241,11321.34274263,2.4223034734917697
2019-10-14 17:00:00,0.02184,0.02249,0.02241,0.02213,18251.46168666,-1.2494422132976306
2019-10-15 17:00:00,0.02171,0.02219,0.02213,0.02182,11817.80110599,-1.4008133755083652
2019-10-16 17:00:00,0.02176,0.02208,0.02182,0.02195,8885.15697995,0.5957836846929498
2019-10-17 17:00:00,0.02148,0.02206,0.02196,0.02177,16795.012435,-0.8652094717668452
2019-10-18 17:00:00,0.02141,0.02194,0.02175,0.0216,4977.98367268,-0.689655172413781
2019-10-19 17:00:00,0.02121,0.02172,0.0216,0.0213,7785.19475142,-1.3888888888888964
2019-10-20 17:00:00,0.021,0.02147,0.02127,0.0212,16313.70200235,-0.32910202162670715
2019-10-21 17:00:00,0.02087,0.02136,0.02121,0.02135,9360.12291116,0.6600660066006658
2019-10-22 17:00:00,0.02067,0.02177,0.02134,0.02171,30152.83248129,1.7338331771321405
2019-10-23 17:00:00,0.02139,0.02184,0.02171,0.02162,21942.62438129,-0.41455550437586275
2019-10-24 17:00:00,0.02085,0.02194,0.02162,0.02095,21400.92529584,-3.0989824236817785
2019-10-25 17:00:00,0.01891,0.02104,0.02096,0.01944,32560.45634302,-7.251908396946567
2019-10-26 17:00:00,0.0191,0.01959,0.01944,0.01929,12273.85697916,-0.7716049382715914
2019-10-27 17:00:00,0.01899,0.01978,0.01928,0.01974,14258.04134476,2.3858921161825837
2019-10-28 17:00:00,0.01957,0.02045,0.01973,0.02026,18593.79383387,2.6862645717181914
2019-10-29 17:00:00,0.0197,0.02054,0.02026,0.02001,20937.8105064,-1.233958538993091
2019-10-30 17:00:00,0.01962,0.02015,0.02002,0.01995,12127.22833572,-0.34965034965035274
2019-10-31 17:00:00,0.01952,0.02008,0.01992,0.01981,16535.2933955,-0.5522088353413603
2019-11-01 17:00:00,0.0196,0.01991,0.01982,0.01969,8056.06998893,-0.6559031281533887
2019-11-02 17:00:00,0.0196,0.01993,0.01968,0.01972,3926.0965223,0.20325203252033455
2019-11-03 16:00:00,0.01968,0.02021,0.01973,0.01978,9205.31985784,0.2534211860111402
2019-11-04 16:00:00,0.01972,0.02056,0.01976,0.02027,9664.05635688,2.580971659919028
2019-11-05 16:00:00,0.02022,0.02072,0.02026,0.02047,8075.38405449,1.0365251727541875
2019-11-06 16:00:00,0.02012,0.02052,0.02045,0.02028,8843.5761962,-0.8312958435207826
2019-11-07 16:00:00,0.02013,0.02099,0.02027,0.02093,12490.62401213,3.25604341391219
2019-11-08 16:00:00,0.0208,0.02107,0.02093,0.02099,5486.04950792,0.2866698518872481
2019-11-09 16:00:00,0.02082,0.02161,0.021,0.02091,14063.11844214,-0.42857142857142766
2019-11-10 16:00:00,0.02089,0.02148,0.02091,0.02116,9292.79927381,1.1956001912960317
2019-11-11 16:00:00,0.02106,0.02142,0.02116,0.02123,10391.67279073,0.33081285444233055
2019-11-12 16:00:00,0.02116,0.0216,0.02122,0.02143,13259.49359865,0.9896324222431755
2019-11-13 16:00:00,0.02123,0.02151,0.02143,0.02137,7554.23873759,-0.2799813345776996
2019-11-14 16:00:00,0.02095,0.02149,0.02138,0.02125,18063.76296699,-0.6080449017773535
2019-11-15 16:00:00,0.02123,0.02162,0.02126,0.02149,6281.51497033,1.0818438381937796
2019-11-16 16:00:00,0.02135,0.0217,0.02148,0.02162,8443.41101803,0.6517690875232833
2019-11-17 16:00:00,0.02145,0.02179,0.02162,0.02177,10559.99974666,0.6938020351526403
2019-11-18 16:00:00,0.0214,0.02178,0.02176,0.02162,7390.00226695,-0.6433823529411821
2019-11-19 16:00:00,0.02145,0.02182,0.02162,0.02157,6943.14420782,-0.23126734505088545
2019-11-20 16:00:00,0.02084,0.02169,0.02157,0.02112,15328.8474701,-2.0862308762169635
2019-11-21 16:00:00,0.0203,0.02123,0.02112,0.02057,23314.4291803,-2.604166666666659
2019-11-22 16:00:00,0.0204,0.02107,0.02057,0.02076,8501.36541115,0.9236752552260533
2019-11-23 16:00:00,0.02021,0.02097,0.02077,0.02025,8828.51482903,-2.5036109773712067
2019-11-24 16:00:00,0.02013,0.0211,0.02027,0.02051,20869.7976517,1.1840157868771615
2019-11-25 16:00:00,0.02035,0.02083,0.02051,0.02062,8429.53851687,0.5363237445148659
2019-11-26 16:00:00,0.02028,0.02077,0.02063,0.02031,10431.02059064,-1.551139117789614
2019-11-27 16:00:00,0.02003,0.02049,0.02035,0.0203,7636.42172278,-0.24570024570025273
2019-11-28 16:00:00,0.01974,0.02049,0.02031,0.01995,9490.60480148,-1.7725258493353158
2019-11-29 16:00:00,0.01979,0.02017,0.01995,0.02007,7586.52528734,0.6015037593985065
2019-11-30 16:00:00,0.01995,0.02056,0.02007,0.02037,10201.66973711,1.4947683109117995
2019-12-01 16:00:00,0.02022,0.02051,0.02041,0.02037,7788.39133545,-0.19598236158746615
2019-12-02 16:00:00,0.02013,0.02041,0.02038,0.0202,8082.30040069,-0.8832188420019609
2019-12-03 16:00:00,0.01953,0.02036,0.02018,0.02023,10069.01297038,0.24777006937562654
2019-12-04 16:00:00,0.01979,0.02024,0.02023,0.02004,6425.88096446,-0.9391992090954159
2019-12-05 16:00:00,0.01969,0.02011,0.02004,0.01971,8030.97850084,-1.6467065868263495
2019-12-06 16:00:00,0.01961,0.0198,0.01973,0.01964,4591.52105523,-0.45615813482006995
2019-12-07 16:00:00,0.01961,0.02012,0.01965,0.02004,5494.87974498,1.9847328244274705
2019-12-08 16:00:00,0.01976,0.02014,0.02002,0.02007,8494.54040726,0.2497502497502569
2019-12-09 16:00:00,0.01991,0.02021,0.02009,0.02013,6946.6143734,0.19910403185663697
2019-12-10 16:00:00,0.01977,0.0202,0.02013,0.0199,6379.38625689,-1.1425732737208028
2019-12-11 16:00:00,0.01961,0.02018,0.01989,0.02012,10085.47837921,1.1563599798893793
2019-12-12 16:00:00,0.01982,0.02014,0.02012,0.01996,9356.71577384,-0.7952286282306185
2019-12-13 16:00:00,0.01979,0.02013,0.01996,0.02006,5169.06455608,0.5010020040080304
2019-12-14 16:00:00,0.01987,0.02013,0.02006,0.02002,5270.99721415,-0.19940179461616073
2019-12-15 16:00:00,0.01886,0.02007,0.02001,0.01925,19413.25047532,-3.7981009495252382
2019-12-16 16:00:00,0.01823,0.01934,0.01926,0.01842,25768.25935229,-4.361370716510906
2019-12-17 16:00:00,0.018,0.01878,0.01844,0.01823,22346.18506344,-1.1388286334056499
2019-12-18 16:00:00,0.0176,0.01833,0.01825,0.01792,16273.90681457,-1.8082191780821943
